{"cameraMode":{"drawMode":0,"name":"Shaded","section":"Shading Mode"},"sceneLighting":true,"audioPlay":false,"sceneViewState":{"showFog":true,"showMaterialUpdate":false,"showSkybox":true,"showFlares":true,"showImageEffects":true,"showParticleSystems":true},"in2DMode":false,"pivot":{"x":0.11923187226057053,"y":-0.013702392578125,"z":-0.00254175066947937},"rotation":{"x":0.7092216610908508,"y":0.0021149436943233015,"z":-0.0021276732441037895,"w":0.7049791216850281},"size":7.591760158538818,"orthographic":false}